timestamp,username,ip_address,status,location
2026-01-17 15:01:25.614068,user17,103.26.99.93,Success,UK
2025-12-24 14:12:25.614068,user44,142.147.37.99,Failed,UK
2025-12-20 15:55:25.614068,user49,130.230.143.212,Success,AU
2026-01-01 01:00:25.614068,user47,254.60.65.250,Failed,US
2025-12-30 16:05:25.614068,user50,25.201.191.204,Success,CA
2025-12-29 16:24:25.614068,user43,253.173.187.194,Failed,IN
2025-12-25 21:00:25.614068,user44,37.101.205.129,Success,IN
2025-12-24 04:33:25.614068,user9,11.23.19.36,Success,CN
2026-01-13 08:17:25.614068,user41,183.170.242.133,Success,DE
2025-12-23 11:33:25.614068,user7,117.76.71.84,Failed,CA
2026-01-15 09:34:25.614068,user41,239.163.83.101,Success,US
2026-01-07 17:27:25.614068,user42,254.153.172.130,Success,UK
2025-12-20 23:18:25.614068,user3,213.250.153.122,Success,IN
2025-12-20 21:08:25.614068,user20,209.8.188.85,Success,CA
2025-12-23 18:56:25.614068,user29,173.56.213.150,Success,FR
2025-12-29 11:24:25.614068,user3,79.13.242.68,Failed,ZA
2025-12-30 02:43:25.614068,user38,248.116.26.150,Success,AU
2026-01-11 12:34:25.614068,user24,123.87.194.38,Failed,DE
2026-01-15 22:09:25.614068,user47,211.124.16.147,Success,FR
2025-12-20 17:35:25.614068,user9,243.56.97.5,Success,UK
2026-01-14 01:37:25.614068,user6,113.160.214.39,Success,DE
2025-12-28 13:47:25.614068,user19,106.104.210.129,Success,ZA
2026-01-18 02:26:25.614068,user21,199.241.31.181,Success,BR
2026-01-13 07:49:25.614068,user48,36.106.166.170,Success,BR
2026-01-07 14:49:25.614068,user27,123.192.160.245,Success,IN
2025-12-29 13:22:25.614068,user12,45.235.175.140,Success,CA
2026-01-08 23:15:25.614068,user13,91.135.247.50,Success,IN
2026-01-15 08:14:25.614068,user9,246.126.142.143,Success,BR
2026-01-01 04:27:25.614068,user35,77.115.152.198,Success,UK
2025-12-19 19:41:25.614068,user24,74.106.250.82,Success,ZA
2025-12-26 18:59:25.614068,user34,123.178.140.74,Success,UK
2026-01-07 18:12:25.614068,user33,32.194.202.210,Success,FR
2026-01-04 00:14:25.614068,user18,89.74.148.11,Success,UK
2026-01-01 04:06:25.614068,user11,74.40.177.237,Success,CA
2025-12-26 14:25:25.614068,user17,114.131.245.55,Failed,DE
2025-12-29 07:46:25.614068,user31,52.138.139.36,Success,FR
2026-01-03 20:15:25.614068,user19,28.122.124.13,Success,ZA
2025-12-24 04:14:25.614068,user48,172.115.119.14,Success,CN
2025-12-23 17:54:25.614068,user22,26.211.169.184,Success,CA
2026-01-05 19:34:25.614068,user8,121.51.70.2,Failed,US
2025-12-23 22:14:25.614068,user30,247.80.208.168,Success,UK
2026-01-04 20:42:25.614068,user5,240.243.244.167,Failed,ZA
2026-01-04 04:17:25.614068,user10,52.147.164.74,Success,FR
2026-01-16 00:01:25.614068,user49,166.30.45.167,Success,UK
2025-12-31 13:31:25.614068,user15,147.118.19.234,Success,BR
2025-12-21 12:03:25.614068,user44,236.89.213.226,Success,CN
2026-01-09 10:24:25.614068,user47,215.90.18.215,Failed,FR
2026-01-12 22:18:25.614068,user44,102.253.95.240,Success,AU
2025-12-25 04:56:25.614068,user26,192.148.19.3,Success,CN
2026-01-05 18:03:25.614068,user36,77.54.171.73,Success,FR
2025-12-23 02:40:25.614068,user24,117.252.68.218,Success,IN
2026-01-13 15:34:25.614068,user6,130.239.139.50,Success,CA
2026-01-01 20:49:25.614068,user26,208.57.169.42,Success,BR
2026-01-17 03:14:25.614068,user1,188.234.131.184,Success,CN
2026-01-16 16:11:25.614068,user17,48.7.172.203,Success,BR
2026-01-04 23:36:25.614068,user35,76.98.89.157,Success,IN
2026-01-14 19:13:25.614068,user8,220.207.218.132,Success,UK
2025-12-28 06:37:25.614068,user30,84.44.205.172,Success,FR
2025-12-22 16:34:25.614068,user24,25.94.71.123,Failed,ZA
2025-12-21 14:39:25.614068,user44,83.127.3.67,Success,DE
2025-12-29 21:31:25.614068,user48,99.120.228.193,Failed,US
2026-01-01 16:41:25.614068,user44,69.168.154.150,Success,FR
2025-12-23 03:45:25.614068,user17,186.5.133.168,Success,UK
2025-12-30 02:52:25.614068,user38,93.120.31.171,Failed,BR
2025-12-24 02:55:25.614068,user25,31.238.157.41,Success,FR
2026-01-05 19:47:25.614068,user41,104.159.60.164,Failed,CA
2026-01-01 04:13:25.614068,user24,235.151.188.158,Failed,UK
2026-01-09 03:50:25.614068,user7,57.112.68.123,Success,UK
2026-01-17 10:56:25.614068,user44,40.232.191.107,Success,DE
2026-01-05 03:05:25.614068,user15,180.241.111.196,Success,BR
2025-12-26 22:15:25.614068,user31,64.41.228.136,Failed,BR
2026-01-05 08:56:25.614068,user2,181.185.39.235,Success,AU
2026-01-04 16:39:25.614068,user40,145.57.31.213,Success,UK
2025-12-29 01:26:25.614068,user36,141.103.76.43,Failed,DE
2025-12-31 16:12:25.614068,user21,84.226.59.175,Success,UK
2026-01-18 00:25:25.614068,user40,53.250.46.231,Failed,ZA
2025-12-22 18:35:25.614068,user15,131.228.28.117,Success,IN
2026-01-16 05:56:25.614068,user42,34.212.233.145,Success,ZA
2026-01-17 10:09:25.614068,user5,15.236.157.186,Success,IN
2025-12-27 07:31:25.614068,user41,6.202.130.210,Success,AU
2026-01-12 20:01:25.614068,user30,1.111.37.12,Success,BR
2025-12-30 15:59:25.614068,user45,109.176.32.139,Success,UK
2025-12-26 23:04:25.614068,user20,255.30.35.253,Success,IN
2026-01-09 13:30:25.614068,user42,240.241.16.74,Success,BR
2026-01-05 19:03:25.614068,user27,105.92.69.197,Failed,FR
2025-12-31 19:27:25.614068,user8,165.215.191.229,Failed,CN
2026-01-17 15:39:25.614068,user9,98.229.193.97,Success,AU
2026-01-13 20:56:25.614068,user3,21.68.178.31,Success,AU
2025-12-29 12:28:25.614068,user3,46.201.65.187,Success,CN
2026-01-03 06:48:25.614068,user20,251.114.1.194,Failed,BR
2025-12-22 01:41:25.614068,user32,6.152.237.173,Failed,ZA
2025-12-29 22:46:25.614068,user8,185.217.194.211,Success,FR
2025-12-20 23:39:25.614068,user7,59.126.235.89,Success,AU
2026-01-02 21:09:25.614068,user16,40.141.96.240,Success,BR
2026-01-06 18:46:25.614068,user35,225.57.16.208,Success,FR
2025-12-31 17:02:25.614068,user9,170.214.8.62,Success,CA
2025-12-22 12:53:25.614068,user25,53.34.51.153,Success,CN
2025-12-29 03:02:25.614068,user30,9.228.24.63,Success,DE
2026-01-14 08:06:25.614068,user24,190.22.205.113,Success,FR
2026-01-02 20:18:25.614068,user43,60.111.28.36,Success,UK
2025-12-29 04:50:25.614068,user48,129.148.119.209,Success,UK
2026-01-18 08:30:25.614068,user45,235.163.164.61,Failed,CN
2026-01-11 05:53:25.614068,user35,78.73.113.106,Success,FR
2026-01-06 12:44:25.614068,user27,77.140.31.143,Success,FR
2026-01-17 18:45:25.614068,user38,243.89.218.143,Failed,IN
2026-01-09 09:47:25.614068,user48,127.24.176.242,Success,DE
2025-12-26 00:39:25.614068,user47,165.195.163.179,Success,US
2025-12-31 13:55:25.614068,user10,107.209.76.77,Success,UK
2025-12-25 21:06:25.614068,user27,97.94.242.62,Failed,US
2025-12-30 17:58:25.614068,user42,218.115.153.220,Success,UK
2026-01-14 01:45:25.614068,user7,182.73.237.235,Success,FR
2026-01-13 01:18:25.614068,user32,15.211.213.143,Success,US
2025-12-31 11:35:25.614068,user40,136.68.198.63,Failed,DE
2026-01-15 03:07:25.614068,user27,66.104.169.166,Success,BR
2026-01-08 00:33:25.614068,user18,21.230.189.24,Success,AU
2026-01-15 01:58:25.614068,user3,138.97.26.69,Success,ZA
2026-01-06 16:51:25.614068,user45,97.20.37.49,Success,DE
2026-01-04 23:59:25.614068,user24,206.111.245.54,Success,CN
2025-12-29 12:09:25.614068,user14,223.170.155.245,Success,AU
2025-12-25 19:41:25.614068,user29,233.7.108.240,Failed,AU
2026-01-11 17:08:25.614068,user29,49.60.245.235,Success,UK
2026-01-10 23:39:25.614068,user16,63.104.203.235,Success,UK
2025-12-23 15:53:25.614068,user24,62.164.144.98,Success,CA
2025-12-21 16:03:25.614068,user7,120.183.157.67,Failed,FR
2025-12-24 12:21:25.614068,user44,93.254.238.26,Failed,FR
2025-12-26 11:32:25.614068,user24,206.240.163.235,Failed,IN
2026-01-17 01:56:25.614068,user35,53.189.160.106,Success,CN
2025-12-26 19:20:25.614068,user42,12.113.74.5,Failed,FR
2026-01-07 17:42:25.614068,user23,67.213.151.40,Failed,FR
2026-01-15 16:02:25.614068,user4,51.168.117.98,Success,CA
2025-12-22 09:59:25.614068,user26,146.125.255.141,Failed,CN
2026-01-06 00:52:25.614068,user18,168.172.131.196,Success,CA
2026-01-05 21:25:25.614068,user13,211.250.251.118,Success,ZA
2026-01-15 15:28:25.614068,user8,44.180.86.36,Success,CA
2026-01-09 19:50:25.614068,user30,185.250.94.235,Failed,CA
2026-01-12 14:32:25.614068,user6,228.30.17.215,Failed,US
2025-12-30 23:12:25.614068,user43,217.38.24.196,Success,US
2026-01-13 16:52:25.614068,user14,2.211.70.216,Success,BR
2025-12-20 01:08:25.614068,user42,162.118.34.182,Success,UK
2025-12-24 17:43:25.614068,user41,39.4.111.130,Success,BR
2026-01-12 23:06:25.614068,user39,117.191.30.159,Failed,FR
2025-12-31 16:02:25.614068,user2,164.247.249.5,Success,ZA
2026-01-17 16:42:25.614068,user4,2.210.6.5,Success,BR
2026-01-04 00:09:25.614068,user22,136.140.146.5,Success,FR
2025-12-24 14:26:25.614068,user16,129.220.91.28,Success,FR
2026-01-01 21:10:25.614068,user9,236.49.76.62,Success,US
2026-01-08 07:28:25.614068,user37,50.129.181.69,Success,US
2025-12-26 17:21:25.614068,user14,204.203.40.96,Success,DE
2026-01-09 04:11:25.614068,user5,246.207.235.145,Failed,CA
2025-12-19 16:08:25.614068,user49,63.115.153.176,Success,CN
2025-12-31 12:17:25.614068,user36,212.41.16.24,Success,DE
2026-01-11 07:22:25.614068,user14,104.194.193.142,Success,FR
2025-12-27 15:44:25.614068,user38,122.28.4.180,Failed,BR
2026-01-11 15:07:25.614068,user14,44.42.255.217,Success,DE
2025-12-24 08:49:25.614068,user15,112.169.48.230,Success,CN
2026-01-16 23:35:25.614068,user22,136.21.117.55,Success,BR
2026-01-02 02:34:25.614068,user50,231.243.138.12,Success,FR
2026-01-17 14:30:25.614068,user10,237.38.143.231,Success,UK
2026-01-11 15:06:25.614068,user39,140.16.91.238,Success,AU
2026-01-16 05:45:25.614068,user1,218.161.8.247,Success,FR
2025-12-28 13:51:25.614068,user18,54.73.203.238,Success,CA
2025-12-26 11:32:25.614068,user10,20.153.83.145,Success,CA
2026-01-05 13:00:25.614068,user9,62.199.169.99,Failed,AU
2025-12-26 21:03:25.614068,user35,194.71.40.129,Success,FR
2026-01-13 01:44:25.614068,user17,191.177.27.26,Success,FR
2026-01-12 15:53:25.614068,user12,112.118.38.88,Failed,CA
2025-12-19 13:13:25.614068,user8,155.203.167.8,Success,DE
2026-01-15 18:48:25.614068,user43,163.139.230.126,Failed,CA
2026-01-03 06:39:25.614068,user2,59.182.192.111,Success,US
2026-01-10 18:17:25.614068,user9,48.194.43.198,Success,BR
2025-12-20 09:52:25.614068,user1,159.151.126.183,Success,CN
2025-12-24 14:47:25.614068,user23,19.42.137.40,Success,FR
2026-01-05 01:04:25.614068,user16,98.78.199.82,Success,AU
2026-01-02 12:29:25.614068,user38,93.54.46.2,Failed,BR
2025-12-30 10:08:25.614068,user21,242.157.227.93,Failed,AU
2025-12-22 03:52:25.614068,user2,195.138.52.34,Failed,ZA
2025-12-30 11:41:25.614068,user12,23.95.220.115,Success,CN
2026-01-14 08:18:25.614068,user17,143.208.52.7,Success,ZA
2025-12-23 02:37:25.614068,user4,23.181.47.153,Success,US
2025-12-23 10:09:25.614068,user9,154.166.197.4,Failed,US
2026-01-10 15:25:25.614068,user48,75.211.198.200,Success,AU
2025-12-22 16:11:25.614068,user27,22.124.86.176,Success,US
2026-01-12 18:27:25.614068,user34,98.86.71.69,Success,DE
2025-12-25 05:57:25.614068,user8,78.137.252.38,Success,ZA
2025-12-25 08:50:25.614068,user48,17.85.222.71,Failed,ZA
2026-01-10 03:44:25.614068,user5,108.153.247.201,Success,AU
2026-01-13 13:07:25.614068,user31,20.184.128.242,Failed,US
2025-12-27 00:57:25.614068,user29,64.253.100.118,Success,ZA
2025-12-31 14:06:25.614068,user50,28.69.155.2,Success,BR
2026-01-12 12:57:25.614068,user24,243.202.170.216,Failed,UK
2026-01-16 03:09:25.614068,user33,159.194.168.113,Success,BR
2026-01-07 18:46:25.614068,user38,86.220.69.77,Failed,ZA
2025-12-29 03:56:25.614068,user7,83.102.245.81,Failed,ZA
2026-01-13 01:39:25.614068,user29,46.203.163.75,Failed,BR
2025-12-28 16:18:25.614068,user33,189.251.124.84,Failed,ZA
2026-01-02 17:04:25.614068,user15,97.143.201.94,Success,US
2026-01-06 16:24:25.614068,user40,30.102.92.175,Success,IN
2026-01-18 02:26:25.614068,user3,197.13.236.242,Success,IN
2026-01-05 12:28:25.614068,user47,182.107.224.205,Failed,IN
2026-01-08 11:07:25.614068,user43,75.35.209.173,Success,CN
2026-01-12 01:55:25.614068,user34,128.71.155.62,Success,AU
2026-01-09 01:44:25.614068,user20,65.78.216.203,Failed,UK
2025-12-25 00:46:25.614068,user30,97.37.229.254,Success,UK
2025-12-30 19:22:25.614068,user42,154.245.205.137,Success,CN
2025-12-29 18:01:25.614068,user2,130.214.18.203,Success,UK
2025-12-22 10:32:25.614068,user4,248.184.43.28,Success,ZA
2026-01-03 21:52:25.614068,user31,197.127.181.43,Success,DE
2025-12-20 11:34:25.614068,user26,166.22.204.248,Success,US
2026-01-15 07:11:25.614068,user28,193.169.220.28,Success,CA
2026-01-13 17:37:25.614068,user44,3.50.132.57,Success,ZA
2025-12-29 23:56:25.614068,user7,131.113.228.96,Success,US
2026-01-15 07:20:25.614068,user32,101.237.77.89,Success,FR
2025-12-29 13:08:25.614068,user46,7.247.53.76,Success,BR
2025-12-19 20:27:25.614068,user29,107.43.59.213,Success,AU
2025-12-22 18:08:25.614068,user5,241.72.178.80,Success,CA
2026-01-17 05:55:25.614068,user6,88.233.105.134,Success,BR
2025-12-22 04:54:25.614068,user21,124.178.243.25,Success,CN
2025-12-29 22:39:25.614068,user39,113.231.163.18,Failed,US
2025-12-22 14:13:25.614068,user10,77.22.58.6,Success,FR
2025-12-20 22:54:25.614068,user5,218.175.55.174,Success,AU
2026-01-03 13:30:25.614068,user9,205.84.124.133,Success,US
2025-12-22 17:59:25.614068,user18,45.81.169.144,Success,ZA
2026-01-11 22:11:25.614068,user40,110.236.118.205,Failed,BR
2025-12-30 08:33:25.614068,user41,104.94.95.164,Success,AU
2026-01-01 04:46:25.614068,user38,169.221.202.8,Success,BR
2026-01-10 14:48:25.614068,user36,189.101.230.152,Success,ZA
2025-12-29 06:36:25.614068,user46,110.199.2.181,Failed,AU
2026-01-13 01:35:25.614068,user21,55.105.142.193,Success,UK
2025-12-25 13:07:25.614068,user25,181.32.52.205,Success,FR
2026-01-14 12:19:25.614068,user39,224.95.187.84,Failed,UK
2026-01-14 17:58:25.614068,user34,51.234.58.68,Success,IN
2026-01-10 00:52:25.614068,user19,172.250.160.153,Success,ZA
2025-12-30 14:01:25.614068,user30,100.200.58.90,Success,FR
2026-01-10 01:12:25.614068,user33,91.234.88.209,Success,CA
2026-01-07 01:13:25.614068,user39,173.152.43.173,Success,ZA
2025-12-28 04:34:25.614068,user28,35.160.60.62,Success,DE
2025-12-23 19:37:25.614068,user7,79.59.93.96,Failed,AU
2025-12-23 22:28:25.614068,user45,178.72.198.108,Success,CN
2026-01-18 12:23:25.614068,user8,153.70.196.109,Failed,ZA
2026-01-08 03:25:25.614068,user42,48.249.88.143,Success,BR
2026-01-04 15:35:25.614068,user42,43.250.147.36,Success,IN
2026-01-07 19:15:25.614068,user50,48.161.230.159,Success,FR
2026-01-07 05:37:25.614068,user36,14.183.4.125,Success,UK
2026-01-09 18:42:25.614068,user47,35.99.196.247,Failed,CA
2025-12-21 23:46:25.614068,user14,144.253.209.176,Failed,IN
2026-01-18 06:20:25.614068,user28,126.212.227.126,Success,CN
2026-01-17 22:24:25.614068,user29,43.42.15.204,Success,CN
2025-12-24 00:05:25.614068,user15,195.112.149.9,Failed,US
2025-12-22 06:48:25.614068,user27,71.115.147.44,Success,CN
2026-01-06 20:22:25.614068,user22,200.234.253.141,Success,AU
2026-01-03 23:12:25.614068,user30,131.57.58.69,Success,BR
2025-12-24 11:57:25.614068,user26,199.187.21.195,Failed,IN
2025-12-30 20:11:25.614068,user27,185.225.111.254,Success,AU
2025-12-28 05:52:25.614068,user47,109.52.126.77,Success,UK
2025-12-28 04:21:25.614068,user7,224.16.230.68,Success,AU
2026-01-12 22:22:25.614068,user21,90.44.224.222,Success,UK
2026-01-08 22:36:25.614068,user28,255.60.121.54,Success,AU
2025-12-25 21:42:25.614068,user21,208.179.219.43,Failed,ZA
2026-01-07 17:24:25.614068,user43,158.71.105.209,Failed,CN
2025-12-27 21:01:25.614068,user17,53.30.179.137,Success,UK
2026-01-01 04:50:25.614068,user24,72.86.165.251,Success,AU
2026-01-09 13:54:25.614068,user10,181.149.148.147,Success,CA
2025-12-30 21:27:25.614068,user44,69.48.69.247,Success,FR
2025-12-22 22:56:25.614068,user31,193.210.30.71,Failed,BR
2026-01-08 16:37:25.614068,user5,222.64.67.64,Failed,IN
2026-01-13 13:42:25.614068,user6,38.164.126.195,Success,ZA
2025-12-23 23:32:25.614068,user6,216.201.250.37,Success,UK
2025-12-21 19:51:25.614068,user6,148.137.212.97,Success,CN
2026-01-18 04:54:25.614068,user28,116.38.47.104,Success,CA
2026-01-13 03:03:25.614068,user7,132.142.188.117,Success,CN
2025-12-20 04:43:25.614068,user48,244.249.167.149,Failed,BR
2025-12-23 18:28:25.614068,user48,1.47.234.163,Failed,CA
2025-12-30 06:47:25.614068,user24,171.183.32.204,Success,ZA
2025-12-27 02:15:25.614068,user9,137.203.111.248,Success,IN
2026-01-07 00:30:25.614068,user36,110.108.253.69,Success,BR
2026-01-10 15:02:25.614068,user4,83.145.172.141,Success,BR
2026-01-10 10:22:25.614068,user38,148.66.248.202,Success,CN
2025-12-29 06:04:25.614068,user36,88.24.23.26,Success,AU
2026-01-06 18:38:25.614068,user36,161.235.8.32,Failed,CA
2025-12-22 04:38:25.614068,user22,238.80.225.117,Success,FR
2025-12-27 00:25:25.614068,user43,1.219.103.177,Success,CA
2026-01-05 18:32:25.614068,user8,233.67.154.41,Success,DE
2025-12-19 14:57:25.614068,user27,224.140.47.168,Failed,US
2026-01-06 07:02:25.614068,user23,93.128.42.96,Failed,CA
2025-12-31 14:16:25.614068,user43,171.84.26.102,Success,DE
2026-01-09 05:35:25.614068,user49,161.156.119.110,Success,AU
2026-01-01 12:10:25.614068,user28,168.46.48.1,Success,FR
2026-01-07 18:38:25.614068,user47,55.244.39.34,Success,IN
2026-01-13 19:38:25.614068,user4,152.115.227.3,Success,FR
2026-01-10 16:10:25.614068,user19,3.175.61.253,Success,CN
2025-12-26 13:40:25.614068,user39,221.216.67.123,Failed,CA
2025-12-28 04:01:25.614068,user20,19.117.196.23,Failed,AU
2026-01-02 00:41:25.614068,user23,188.52.52.81,Success,BR
2025-12-29 10:23:25.614068,user7,95.153.70.98,Failed,AU
2025-12-22 04:28:25.614068,user37,199.68.73.18,Success,US
2026-01-14 21:13:25.614068,user33,136.4.84.113,Success,CA
2026-01-13 04:49:25.614068,user14,90.109.77.236,Success,IN
2025-12-22 07:10:25.614068,user10,106.226.111.23,Success,ZA
2026-01-02 19:08:25.614068,user43,230.51.71.193,Success,FR
2025-12-22 03:02:25.614068,user31,32.196.179.247,Failed,DE
2025-12-21 19:22:25.614068,user15,110.161.71.64,Success,IN
2026-01-15 02:40:25.614068,user7,71.43.127.142,Success,DE
2026-01-10 05:22:25.614068,user23,154.145.13.218,Failed,CN
2026-01-11 09:50:25.614068,user36,217.154.105.133,Success,BR
2026-01-12 16:43:25.614068,user24,156.96.200.76,Success,BR
2025-12-26 16:33:25.614068,user8,166.27.122.127,Failed,ZA
2025-12-22 02:43:25.614068,user49,99.57.123.128,Failed,UK
2026-01-11 15:17:25.614068,user18,164.36.6.253,Success,IN
2025-12-23 04:06:25.614068,user37,93.162.67.100,Success,BR
2025-12-27 23:34:25.614068,user15,221.215.187.140,Success,CN
2025-12-22 15:26:25.614068,user28,175.88.241.245,Failed,CN
2026-01-15 14:32:25.614068,user36,253.37.8.151,Success,DE
2025-12-22 14:49:25.614068,user50,18.7.134.56,Failed,CN
2025-12-30 05:30:25.614068,user40,11.30.203.130,Success,AU
2026-01-06 21:37:25.614068,user40,74.212.216.180,Success,IN
2025-12-24 23:32:25.614068,user44,103.42.78.72,Success,BR
2026-01-14 10:50:25.614068,user42,22.158.40.131,Success,IN
2025-12-30 17:31:25.614068,user36,236.104.79.138,Success,UK
2026-01-14 20:56:25.614068,user2,84.200.33.80,Failed,DE
2026-01-15 13:58:25.614068,user39,179.223.122.15,Success,IN
2025-12-21 08:00:25.614068,user43,63.44.222.30,Success,US
2026-01-16 17:07:25.614068,user45,117.28.158.171,Success,IN
2025-12-23 06:08:25.614068,user18,190.89.61.4,Success,CN
2026-01-07 14:30:25.614068,user2,182.70.5.42,Success,FR
2026-01-18 10:37:25.614068,user12,128.177.132.43,Success,FR
2026-01-15 02:07:25.614068,user18,96.64.137.188,Failed,CA
2026-01-14 05:58:25.614068,user45,227.60.15.86,Success,BR
2026-01-12 07:37:25.614068,user49,207.219.139.135,Success,BR
2026-01-02 22:09:25.614068,user20,17.134.39.128,Success,US
2025-12-31 09:25:25.614068,user22,117.184.28.128,Success,IN
2025-12-28 19:42:25.614068,user23,220.85.188.41,Success,DE
2026-01-02 19:46:25.614068,user1,66.52.59.59,Success,CN
2025-12-30 09:18:25.614068,user12,190.1.22.220,Success,DE
2025-12-31 14:43:25.614068,user10,221.6.125.12,Success,US
2026-01-06 12:54:25.614068,user37,121.186.196.236,Success,CN
2025-12-25 11:33:25.614068,user43,39.91.18.142,Failed,CN
2026-01-17 21:39:25.614068,user26,206.214.114.83,Success,CA
2026-01-02 04:16:25.614068,user5,64.213.163.70,Success,DE
2026-01-09 08:00:25.614068,user10,212.39.190.31,Success,US
2026-01-02 21:56:25.614068,user48,129.26.91.58,Success,FR
2025-12-22 19:50:25.614068,user41,206.23.205.18,Failed,US
2025-12-19 22:46:25.614068,user2,225.238.144.199,Failed,US
2026-01-09 09:10:25.614068,user6,217.159.167.23,Success,UK
2026-01-16 19:04:25.614068,user48,142.233.4.95,Success,ZA
2026-01-14 03:32:25.614068,user34,52.149.155.190,Failed,AU
2025-12-24 01:48:25.614068,user14,160.124.237.95,Success,CN
2025-12-22 20:37:25.614068,user25,152.252.100.188,Success,UK
2026-01-12 23:50:25.614068,user27,231.125.77.2,Failed,BR
2025-12-29 05:25:25.614068,user30,239.209.12.60,Success,ZA
2026-01-11 13:09:25.614068,user22,139.177.4.244,Success,UK
2025-12-31 14:16:25.614068,user11,86.0.192.218,Success,BR
2025-12-25 13:16:25.614068,user24,189.157.53.53,Success,DE
2026-01-04 09:48:25.614068,user20,136.121.214.126,Failed,IN
2025-12-22 15:44:25.614068,user47,247.30.72.183,Success,UK
2025-12-30 15:25:25.614068,user21,72.47.22.236,Success,AU
2026-01-05 08:13:25.614068,user50,60.211.190.118,Failed,CA
2026-01-01 11:52:25.614068,user37,250.43.48.130,Success,UK
2025-12-26 16:54:25.614068,user39,35.201.38.152,Success,CA
2026-01-08 11:12:25.614068,user6,146.31.222.170,Success,AU
2026-01-13 05:56:25.614068,user4,247.66.121.75,Success,CA
2026-01-02 07:01:25.614068,user10,67.161.201.180,Success,CN
2026-01-16 08:42:25.614068,user11,213.167.162.116,Failed,FR
2026-01-18 06:54:25.614068,user49,70.119.38.242,Failed,UK
2026-01-12 14:20:25.614068,user40,52.69.55.40,Success,IN
2025-12-19 21:08:25.614068,user4,28.84.230.120,Success,AU
2026-01-13 18:22:25.614068,user44,81.208.61.138,Success,UK
2026-01-02 03:36:25.614068,user6,92.106.231.79,Failed,ZA
2025-12-24 05:44:25.614068,user18,119.135.61.24,Success,ZA
2025-12-25 15:16:25.614068,user29,41.155.20.56,Success,AU
2025-12-31 13:28:25.614068,user43,214.167.75.24,Success,BR
2025-12-24 18:40:25.614068,user28,183.127.182.102,Success,IN
2025-12-24 09:30:25.614068,user32,132.25.153.67,Success,BR
2026-01-13 16:52:25.614068,user39,210.89.15.244,Success,IN
2025-12-26 14:23:25.614068,user29,104.231.127.25,Success,DE
2025-12-31 22:04:25.614068,user27,119.52.71.32,Success,UK
2026-01-01 08:21:25.614068,user18,4.31.113.34,Success,DE
2026-01-16 01:14:25.614068,user14,51.205.190.176,Success,IN
2025-12-29 02:39:25.614068,user49,162.43.132.235,Success,CN
2026-01-04 03:07:25.614068,user33,209.38.11.17,Success,FR
2025-12-28 18:58:25.614068,user8,51.227.65.24,Success,BR
2026-01-17 09:21:25.614068,user23,232.169.62.11,Success,CN
2025-12-31 12:56:25.614068,user28,242.236.25.44,Success,AU
2026-01-11 12:38:25.614068,user8,237.221.202.128,Success,US
2026-01-10 18:12:25.614068,user19,8.195.218.45,Success,FR
2025-12-30 22:53:25.614068,user44,91.109.95.71,Success,CA
2025-12-21 20:05:25.614068,user44,72.228.76.9,Failed,ZA
2025-12-23 17:24:25.614068,user38,158.125.151.128,Failed,UK
2026-01-17 09:24:25.614068,user32,106.245.31.23,Success,ZA
2026-01-07 19:15:25.614068,user34,72.196.70.108,Success,CA
2026-01-01 02:48:25.614068,user43,52.127.9.254,Success,BR
2025-12-21 12:45:25.614068,user20,98.183.245.140,Failed,FR
2025-12-19 16:28:25.614068,user3,201.248.176.234,Success,IN
2026-01-03 16:55:25.614068,user15,145.164.198.70,Success,CN
2025-12-25 11:29:25.614068,user26,47.13.163.153,Success,DE
2026-01-17 12:29:25.614068,user39,57.15.143.15,Success,ZA
2025-12-31 10:43:25.614068,user4,208.241.183.197,Success,FR
2025-12-26 21:05:25.614068,user1,150.119.81.26,Failed,ZA
2026-01-08 15:12:25.614068,user14,64.123.136.137,Success,CN
2026-01-13 15:10:25.614068,user20,209.28.112.148,Success,US
2026-01-07 23:44:25.614068,user14,217.198.181.240,Success,AU
2026-01-14 01:15:25.614068,user50,215.88.90.61,Success,US
2025-12-19 23:09:25.614068,user9,152.162.183.234,Success,US
2025-12-24 14:47:25.614068,user49,152.14.180.243,Success,IN
2025-12-22 22:47:25.614068,user17,146.72.96.215,Success,CN
2025-12-26 07:24:25.614068,user19,253.252.158.45,Success,CA
2026-01-13 08:31:25.614068,user21,126.19.46.15,Failed,BR
2025-12-21 03:57:25.614068,user8,60.112.10.135,Success,CN
2026-01-05 07:52:25.614068,user1,123.0.169.235,Success,ZA
2026-01-15 00:51:25.614068,user32,158.103.66.88,Failed,UK
2026-01-13 16:06:25.614068,user48,184.90.165.16,Success,CA
2025-12-26 06:21:25.614068,user28,6.75.72.199,Success,IN
2026-01-08 02:02:25.614068,user12,29.186.37.96,Success,FR
2025-12-25 07:48:25.614068,user9,181.202.51.87,Success,BR
2025-12-21 10:17:25.614068,user25,78.165.69.250,Success,US
2026-01-02 13:18:25.614068,user35,41.223.249.167,Success,BR
2026-01-05 02:53:25.614068,user46,82.89.182.58,Success,CN
2025-12-21 08:10:25.614068,user15,171.89.193.79,Success,CN
2026-01-04 19:25:25.614068,user33,188.150.65.46,Success,UK
2025-12-29 02:03:25.614068,user36,187.0.200.218,Failed,IN
2025-12-30 21:09:25.614068,user43,255.16.93.155,Success,CN
2025-12-24 04:52:25.614068,user23,82.113.53.240,Success,IN
2026-01-04 14:54:25.614068,user5,128.72.169.191,Failed,DE
2026-01-14 00:08:25.614068,user26,20.121.177.252,Success,FR
2026-01-07 00:28:25.614068,user48,82.85.45.211,Success,ZA
2026-01-16 18:31:25.614068,user3,182.171.228.3,Success,BR
2025-12-26 13:24:25.614068,user28,68.107.127.178,Success,US
2025-12-30 07:10:25.614068,user2,18.179.131.202,Success,CN
2025-12-26 22:05:25.614068,user30,28.0.24.99,Success,UK
2025-12-27 13:59:25.614068,user5,113.214.85.227,Success,FR
2026-01-07 06:56:25.614068,user21,106.252.193.90,Success,FR
2025-12-20 15:40:25.614068,user37,140.192.51.213,Failed,BR
2025-12-27 16:30:25.614068,user28,123.115.83.116,Failed,ZA
2026-01-03 15:26:25.614068,user37,19.17.150.6,Success,BR
2026-01-07 06:18:25.614068,user26,82.133.53.19,Success,UK
2025-12-30 19:39:25.614068,user46,88.87.192.42,Success,DE
2025-12-31 16:01:25.614068,user41,188.38.47.87,Failed,CN
2025-12-26 18:29:25.614068,user27,153.247.15.111,Failed,CA
2025-12-24 10:40:25.614068,user19,242.84.222.41,Success,UK
2026-01-05 22:26:25.614068,user8,14.51.169.53,Failed,ZA
2025-12-21 06:53:25.614068,user26,250.97.209.179,Success,BR
2026-01-09 22:43:25.614068,user2,142.135.144.77,Success,AU
2025-12-29 15:33:25.614068,user21,61.49.25.101,Success,CA
2025-12-28 14:35:25.614068,user11,147.251.78.14,Failed,ZA
2026-01-09 11:22:25.614068,user40,93.1.218.23,Success,FR
2026-01-04 10:31:25.614068,user30,76.245.102.25,Success,US
2026-01-02 09:56:25.614068,user45,7.105.87.164,Success,US
2025-12-29 21:11:25.614068,user24,75.41.242.217,Success,DE
2025-12-29 16:05:25.614068,user6,30.157.203.121,Success,FR
2025-12-20 14:26:25.614068,user28,126.135.46.165,Success,DE
2025-12-28 07:32:25.614068,user7,140.198.94.95,Success,US
2026-01-06 15:49:25.614068,user16,227.195.189.48,Failed,BR
2026-01-03 11:08:25.614068,user28,115.22.134.113,Success,IN
2026-01-01 04:54:25.614068,user38,120.134.115.215,Success,CN
2025-12-22 16:25:25.614068,user26,69.31.77.193,Success,ZA
2026-01-01 05:28:25.614068,user34,179.49.43.172,Failed,AU
2026-01-04 12:08:25.614068,user6,89.211.116.142,Success,UK
2026-01-17 17:16:25.614068,user26,16.198.214.248,Success,UK
2026-01-11 17:00:25.614068,user20,138.243.120.122,Success,DE
2026-01-06 17:09:25.614068,user48,77.40.202.232,Failed,IN
2026-01-12 22:17:25.614068,user22,219.17.75.31,Success,CA
2026-01-03 14:18:25.614068,user15,244.229.88.243,Success,DE
2025-12-20 18:44:25.614068,user22,252.85.108.207,Success,AU
2025-12-24 18:35:25.614068,user50,50.64.21.109,Success,BR
2025-12-31 09:54:25.614068,user11,21.222.103.211,Success,ZA
2025-12-27 15:38:25.614068,user5,161.75.132.82,Success,FR
2026-01-14 22:45:25.614068,user33,234.34.44.100,Success,FR
2025-12-31 14:33:25.614068,user41,143.203.166.220,Success,DE
2025-12-21 06:23:25.614068,user8,71.234.6.202,Success,CN
2025-12-24 11:00:25.614068,user34,180.214.57.107,Success,DE
2026-01-15 16:12:25.614068,user33,39.75.51.237,Success,AU
2026-01-08 07:15:25.614068,user13,28.51.146.223,Success,ZA
2026-01-04 06:10:25.614068,user50,138.176.210.68,Failed,CN
2026-01-02 19:13:25.614068,user23,99.248.242.10,Success,IN
2026-01-08 09:15:25.614068,user23,45.141.206.37,Success,UK
2026-01-16 02:44:25.614068,user47,159.205.19.102,Success,BR
2026-01-11 19:12:25.614068,user42,228.169.121.13,Success,ZA
2025-12-24 18:54:25.614068,user10,191.243.137.230,Failed,DE
2026-01-06 01:20:25.614068,user16,96.10.172.210,Failed,BR
2026-01-14 18:23:25.614068,user7,204.155.159.72,Failed,BR
2025-12-28 04:13:25.614068,user10,216.251.50.249,Success,AU
2025-12-31 02:49:25.614068,user17,223.116.68.77,Success,IN
2025-12-21 13:04:25.614068,user13,250.226.164.69,Success,US
2026-01-08 08:53:25.614068,user12,187.213.45.49,Success,US
2025-12-19 14:26:25.614068,user39,114.108.208.190,Success,CA
2026-01-12 04:29:25.614068,user10,125.191.28.132,Success,AU
2026-01-13 00:43:25.614068,user49,203.81.33.80,Failed,IN
2025-12-28 11:48:25.614068,user49,182.206.69.200,Success,UK
2026-01-05 02:25:25.614068,user42,218.14.88.50,Success,FR
2026-01-08 03:41:25.614068,user5,225.102.29.64,Success,IN
2025-12-22 17:01:25.614068,user12,9.233.25.236,Success,CN
2026-01-03 13:15:25.614068,user50,93.101.140.95,Failed,DE
2026-01-16 21:15:25.614068,user41,211.237.203.163,Success,US
2026-01-02 19:28:25.614068,user32,237.63.15.62,Success,BR
2025-12-25 04:43:25.614068,user30,96.250.228.46,Failed,AU
2026-01-02 04:37:25.614068,user49,246.242.179.89,Success,BR
2026-01-11 14:30:25.614068,user37,42.132.46.73,Success,AU
2026-01-02 14:25:25.614068,user49,8.197.25.42,Success,CN
2026-01-07 02:40:25.614068,user38,219.109.113.166,Success,DE
2026-01-03 08:52:25.614068,user29,58.105.137.167,Success,UK
2026-01-06 20:07:25.614068,user44,105.10.4.122,Success,ZA
2026-01-01 23:32:25.614068,user37,234.67.88.154,Success,DE
2026-01-13 18:09:25.614068,user42,206.4.114.65,Failed,AU
2025-12-25 07:37:25.614068,user41,156.156.140.109,Success,UK
2025-12-28 06:08:25.614068,user40,230.192.178.118,Success,US
2026-01-07 15:50:25.614068,user21,65.111.238.78,Success,CA
2026-01-05 18:43:25.614068,user41,174.203.52.2,Failed,BR
2025-12-27 10:41:25.614068,user21,131.191.144.77,Success,FR
2026-01-16 12:54:25.614068,user10,176.55.246.17,Success,FR
2026-01-14 10:12:25.614068,user29,87.141.166.221,Success,UK
2026-01-02 05:19:25.614068,user5,71.133.152.49,Success,IN
2026-01-07 00:08:25.614068,user31,39.123.29.207,Success,IN
2026-01-13 11:05:25.614068,user29,220.206.163.175,Success,IN
2025-12-19 13:02:25.614068,user41,36.13.254.76,Success,CN
2026-01-02 08:30:25.614068,user20,67.214.207.100,Success,CN
2026-01-01 13:59:25.614068,user18,189.18.97.88,Success,FR
2025-12-29 02:10:25.614068,user38,186.113.243.233,Success,BR
2026-01-08 02:09:25.614068,user4,241.183.153.217,Failed,DE
2026-01-14 22:05:25.614068,user23,44.92.150.25,Success,BR
2026-01-16 03:14:25.614068,user33,121.65.132.186,Success,IN
2026-01-18 07:42:25.614068,user5,207.93.171.168,Success,AU
2026-01-03 04:34:25.614068,user20,23.113.181.58,Success,IN
2026-01-09 16:29:25.614068,user30,191.157.215.202,Success,CN
2026-01-08 15:08:25.614068,user29,228.169.190.67,Success,IN
2026-01-08 15:33:25.614068,user3,150.150.237.218,Failed,BR
2025-12-29 06:01:25.614068,user4,31.240.27.222,Failed,DE
2026-01-11 18:56:25.614068,user24,163.36.241.228,Success,BR
2026-01-10 01:26:25.614068,user19,50.61.195.136,Success,DE
2025-12-27 05:56:25.614068,user5,77.211.27.223,Failed,US
2026-01-18 12:14:25.614068,user42,219.77.70.52,Success,CN
2025-12-23 09:13:25.614068,user6,88.209.234.37,Success,CN
2026-01-01 10:34:25.614068,user40,81.92.41.125,Success,IN
2026-01-11 23:36:25.614068,user39,86.90.160.163,Success,AU
2026-01-17 07:56:25.614068,user33,15.2.231.71,Success,FR
2026-01-16 16:59:25.614068,user25,54.86.81.126,Failed,IN
2026-01-03 18:42:25.614068,user30,202.45.66.158,Success,ZA
2025-12-23 18:36:25.614068,user38,112.219.206.110,Success,AU
2025-12-30 05:08:25.614068,user36,248.244.196.2,Success,FR
2026-01-02 15:39:25.614068,user48,10.102.191.244,Success,UK
2025-12-29 17:58:25.614068,user3,4.164.97.5,Success,US
2025-12-28 14:06:25.614068,user29,174.2.127.58,Success,FR
2025-12-26 05:32:25.614068,user37,178.176.159.34,Success,DE
2025-12-20 15:16:25.614068,user42,27.196.156.43,Success,ZA
2025-12-21 15:04:25.614068,user13,17.23.152.243,Success,BR
2025-12-30 16:02:25.614068,user21,75.233.172.112,Success,IN
2026-01-10 03:34:25.614068,user39,228.68.175.231,Success,BR
2026-01-16 08:16:25.614068,user31,126.183.96.43,Success,BR
2025-12-22 20:08:25.614068,user33,243.206.9.59,Success,AU
2026-01-09 06:02:25.614068,user10,58.67.108.188,Success,CN
2026-01-07 09:16:25.614068,user4,6.86.63.94,Success,UK
2026-01-17 04:28:25.614068,user29,183.19.192.225,Success,UK
2026-01-14 17:23:25.614068,user7,164.130.24.153,Success,CA
2025-12-28 08:58:25.614068,user22,255.24.55.168,Success,US
2026-01-06 00:00:25.614068,user46,215.10.24.177,Success,US
2026-01-11 00:35:25.614068,user6,30.213.227.98,Failed,ZA
2026-01-06 17:07:25.614068,user33,32.129.242.180,Success,IN
2025-12-30 15:05:25.614068,user42,40.105.4.78,Failed,FR
2025-12-26 05:47:25.614068,user12,108.51.138.160,Success,ZA
2026-01-18 09:11:25.614068,user3,156.70.214.213,Success,AU
2025-12-19 18:39:25.614068,user16,231.53.60.73,Success,AU
2025-12-24 09:01:25.614068,user46,30.54.254.51,Success,US
2026-01-07 20:58:25.614068,user29,156.102.134.213,Success,US
2025-12-29 11:37:25.614068,user29,134.103.183.181,Success,CN
2025-12-27 12:42:25.614068,user34,105.151.82.11,Failed,CA
2026-01-12 02:20:25.614068,user34,141.254.106.177,Success,AU
2026-01-09 16:00:25.614068,user40,239.246.169.61,Success,BR
2025-12-21 19:27:25.614068,user11,1.6.45.233,Success,CN
2026-01-13 21:26:25.614068,user24,29.252.76.244,Success,BR
2025-12-30 20:47:25.614068,user24,24.38.51.232,Success,ZA
2025-12-25 01:09:25.614068,user19,66.118.233.254,Success,DE
2026-01-09 07:10:25.614068,user25,251.151.135.119,Success,CA
2025-12-25 14:14:25.614068,user27,13.51.89.224,Success,US
2026-01-09 16:06:25.614068,user50,11.148.184.206,Success,AU
2026-01-12 16:44:25.614068,user22,174.160.218.190,Failed,DE
2026-01-13 23:05:25.614068,user44,30.48.23.3,Success,CN
2026-01-15 14:59:25.614068,user39,219.70.87.85,Success,DE
2026-01-02 23:10:25.614068,user4,92.224.137.225,Success,CA
2026-01-08 16:00:25.614068,user41,188.47.190.209,Success,FR
2026-01-16 09:46:25.614068,user42,88.93.58.103,Success,ZA
2026-01-11 11:57:25.614068,user22,103.233.139.214,Failed,FR
2026-01-07 22:42:25.614068,user5,99.244.215.167,Success,DE
2026-01-13 11:01:25.614068,user22,227.85.57.34,Success,UK
2026-01-08 19:39:25.614068,user7,179.30.81.27,Success,ZA
2025-12-26 18:26:25.614068,user36,107.247.224.47,Success,CA
2026-01-10 03:04:25.614068,user44,157.194.183.157,Success,BR
2026-01-09 00:11:25.614068,user25,8.66.247.236,Success,DE
2025-12-31 07:42:25.614068,user19,125.57.210.113,Success,CN
2025-12-30 18:39:25.614068,user17,12.32.133.168,Success,UK
2026-01-17 13:05:25.614068,user47,81.6.114.251,Success,ZA
2026-01-01 03:29:25.614068,user43,245.173.48.111,Success,US
2026-01-12 05:59:25.614068,user39,170.127.246.89,Success,DE
2026-01-10 13:54:25.614068,user10,170.197.76.215,Success,FR
2026-01-17 01:10:25.614068,user22,212.27.5.165,Success,CN
2025-12-30 09:55:25.614068,user6,240.80.240.219,Success,ZA
2026-01-01 00:32:25.614068,user38,127.84.38.193,Success,BR
2026-01-08 13:03:25.614068,user43,126.164.123.85,Failed,CN
2025-12-23 01:13:25.614068,user10,249.142.25.130,Success,CN
2026-01-01 12:41:25.614068,user23,58.193.206.210,Failed,AU
2025-12-30 04:43:25.614068,user20,61.40.235.114,Success,CN
2025-12-31 21:23:25.614068,user42,206.229.45.220,Success,CA
2026-01-03 19:26:25.614068,user45,128.228.161.31,Success,ZA
2026-01-03 01:48:25.614068,user43,252.254.9.27,Success,BR
2026-01-13 02:35:25.614068,user26,104.211.18.143,Success,DE
2025-12-23 04:36:25.614068,user9,141.0.46.203,Success,ZA
2025-12-25 19:44:25.614068,user39,155.155.105.168,Success,FR
2025-12-26 09:20:25.614068,user46,172.233.174.94,Success,DE
2025-12-30 01:11:25.614068,user6,212.27.114.217,Success,CA
2026-01-05 22:58:25.614068,user20,117.169.242.184,Success,FR
2025-12-26 11:30:25.614068,user36,169.186.231.30,Success,US
2025-12-29 06:17:25.614068,user25,25.113.1.88,Success,IN
2025-12-22 10:45:25.614068,user42,91.149.191.180,Success,DE
2026-01-07 09:44:25.614068,user22,28.23.84.127,Success,US
2026-01-07 01:48:25.614068,user9,36.209.54.66,Failed,IN
2026-01-03 14:00:25.614068,user43,157.100.96.31,Failed,DE
2026-01-13 05:16:25.614068,user45,239.201.110.118,Success,US
2026-01-09 17:30:25.614068,user48,212.97.173.28,Success,FR
2026-01-07 10:44:25.614068,user44,194.212.23.238,Success,CN
2025-12-22 08:36:25.614068,user34,163.63.230.118,Success,DE
2025-12-28 22:31:25.614068,user6,169.68.255.2,Success,FR
2026-01-07 15:30:25.614068,user42,136.24.221.215,Success,BR
2026-01-06 06:00:25.614068,user43,150.247.90.178,Failed,UK
2026-01-15 02:34:25.614068,user28,149.88.65.27,Success,FR
2025-12-20 09:56:25.614068,user33,100.164.196.108,Success,US
2026-01-14 17:24:25.614068,user24,251.127.140.102,Success,FR
2026-01-05 20:04:25.614068,user2,247.175.150.116,Success,ZA
2026-01-10 05:35:25.614068,user24,207.68.70.106,Success,CA
2025-12-19 19:02:25.614068,user20,155.153.160.183,Success,FR
2026-01-04 12:48:25.614068,user12,189.111.102.54,Failed,FR
2026-01-02 02:45:25.614068,user14,160.148.176.236,Success,FR
2026-01-06 06:34:25.614068,user22,173.67.91.129,Failed,UK
2026-01-07 14:16:25.614068,user50,139.165.59.195,Failed,DE
2026-01-13 00:28:25.614068,user32,91.245.213.173,Success,UK
2026-01-13 09:07:25.614068,user13,192.146.216.207,Success,ZA
2026-01-15 23:30:25.614068,user15,4.54.12.98,Success,UK
2025-12-29 13:29:25.614068,user9,38.27.28.52,Success,IN
2026-01-10 17:52:25.614068,user10,69.82.146.175,Success,CN
2025-12-29 12:16:25.614068,user5,65.74.31.177,Success,DE
2025-12-31 22:43:25.614068,user19,201.151.104.193,Failed,DE
2026-01-08 08:38:25.614068,user7,139.16.183.209,Success,CA
2026-01-10 15:03:25.614068,user33,116.52.114.191,Success,CN
2025-12-20 20:18:25.614068,user50,166.199.121.131,Success,AU
2026-01-06 05:20:25.614068,user35,201.147.24.238,Failed,AU
2026-01-03 19:44:25.614068,user48,98.198.213.245,Success,IN
2026-01-06 22:13:25.614068,user34,202.160.27.4,Success,AU
2025-12-27 00:52:25.614068,user3,191.128.103.159,Failed,US
2026-01-09 19:06:25.614068,user43,223.226.115.234,Success,CA
2025-12-25 08:00:25.614068,user22,163.188.100.199,Success,AU
2026-01-16 20:16:25.614068,user50,186.99.150.115,Failed,DE
2026-01-12 20:00:25.614068,user40,46.38.95.247,Success,BR
2025-12-20 18:03:25.614068,user9,45.61.193.11,Success,UK
2026-01-06 10:58:25.614068,user39,110.142.135.34,Success,IN
2026-01-15 11:06:25.614068,user25,42.130.2.85,Success,FR
2026-01-14 05:03:25.614068,user10,120.79.20.40,Failed,UK
2025-12-20 18:12:25.614068,user11,238.165.26.199,Success,ZA
2025-12-23 08:17:25.614068,user12,239.154.251.203,Failed,US
2026-01-17 18:39:25.614068,user45,147.183.37.201,Success,CN
2026-01-08 00:45:25.614068,user50,182.162.112.245,Success,UK
2025-12-25 16:49:25.614068,user40,48.34.81.107,Success,BR
2026-01-09 12:53:25.614068,user11,140.206.47.90,Failed,ZA
2025-12-27 19:05:25.614068,user47,57.109.169.85,Success,AU
2025-12-21 19:31:25.614068,user29,93.150.111.244,Failed,UK
2025-12-31 08:45:25.614068,user3,193.243.4.30,Failed,ZA
2026-01-05 18:40:25.614068,user27,172.177.228.62,Success,DE
2026-01-03 10:09:25.614068,user24,232.124.20.175,Failed,US
2025-12-29 03:47:25.614068,user44,227.164.195.235,Success,UK
2026-01-09 05:15:25.614068,user47,204.58.197.66,Success,FR
2026-01-03 09:36:25.614068,user16,139.144.12.234,Failed,FR
2026-01-03 21:14:25.614068,user29,133.191.228.125,Success,FR
2026-01-05 18:42:25.614068,user40,12.151.98.83,Success,CN
2026-01-01 04:31:25.614068,user19,132.42.49.43,Success,AU
2026-01-07 17:03:25.614068,user49,249.3.33.54,Success,US
2025-12-31 00:08:25.614068,user48,172.109.217.214,Success,ZA
2025-12-23 06:03:25.614068,user29,27.105.222.166,Failed,US
2026-01-09 22:18:25.614068,user15,210.36.78.7,Success,AU
2025-12-20 09:46:25.614068,user35,118.169.19.23,Failed,FR
2026-01-13 01:47:25.614068,user16,19.27.91.204,Success,ZA
2025-12-21 21:29:25.614068,user20,65.36.116.234,Success,AU
2026-01-04 10:51:25.614068,user31,67.208.198.116,Success,DE
2025-12-29 17:30:25.614068,user13,162.207.221.81,Success,IN
2026-01-18 02:43:25.614068,user24,5.199.60.137,Failed,US
2025-12-22 15:32:25.614068,user44,2.32.23.180,Success,CN
2026-01-18 04:29:25.614068,user37,218.37.183.238,Success,ZA
2025-12-21 08:34:25.614068,user29,129.54.148.202,Success,US
2025-12-20 22:29:25.614068,user30,176.154.44.73,Failed,UK
2025-12-30 18:41:25.614068,user50,196.224.195.102,Success,CA
2025-12-28 14:21:25.614068,user19,211.15.242.41,Success,AU
2025-12-20 10:51:25.614068,user50,137.112.69.192,Failed,BR
2026-01-16 19:15:25.614068,user25,101.151.73.77,Success,UK
2025-12-26 11:02:25.614068,user33,174.191.5.142,Success,BR
2025-12-30 09:09:25.614068,user34,224.72.63.11,Success,CN
2025-12-25 06:28:25.614068,user27,2.201.43.79,Success,DE
2026-01-10 01:51:25.614068,user11,54.176.108.106,Success,IN
2025-12-24 17:32:25.614068,user13,232.72.82.48,Success,BR
2026-01-14 04:36:25.614068,user39,57.129.99.30,Success,UK
2025-12-29 10:40:25.614068,user9,47.27.236.166,Success,US
2026-01-09 16:32:25.614068,user17,141.37.148.172,Success,IN
2025-12-31 04:29:25.614068,user4,18.128.50.51,Success,DE
2026-01-05 07:31:25.614068,user42,186.249.169.92,Success,BR
2025-12-27 03:52:25.614068,user31,33.120.51.73,Failed,BR
2026-01-16 02:23:25.614068,user24,159.35.99.82,Success,CN
2026-01-16 03:52:25.614068,user36,125.230.168.158,Failed,DE
2025-12-24 17:42:25.614068,user7,169.156.78.145,Success,UK
2025-12-26 23:28:25.614068,user46,146.186.161.246,Success,CN
2026-01-02 16:20:25.614068,user34,110.86.2.81,Failed,FR
2025-12-24 10:40:25.614068,user8,64.113.223.71,Failed,BR
2026-01-14 20:40:25.614068,user19,216.184.68.174,Success,CN
2025-12-20 16:38:25.614068,user6,188.169.245.119,Success,AU
2026-01-02 17:20:25.614068,user49,115.183.156.125,Success,DE
2026-01-14 17:31:25.614068,user11,142.55.89.166,Success,ZA
2026-01-05 14:32:25.614068,user18,156.41.143.220,Success,UK
2026-01-06 13:51:25.614068,user29,212.71.100.68,Success,ZA
2025-12-28 13:13:25.614068,user33,188.39.38.229,Failed,CA
2025-12-22 23:36:25.614068,user10,5.15.207.197,Success,IN
2026-01-15 11:19:25.614068,user28,152.108.18.142,Failed,FR
2026-01-17 01:42:25.614068,user6,67.241.76.94,Failed,FR
2025-12-30 13:51:25.614068,user15,101.114.148.35,Success,BR
2025-12-24 03:54:25.614068,user29,119.46.203.94,Failed,FR
2026-01-02 06:00:25.614068,user23,129.5.122.218,Success,CN
2026-01-15 20:24:25.614068,user2,247.84.71.115,Failed,AU
2025-12-25 00:49:25.614068,user27,41.91.74.189,Failed,AU
2026-01-14 06:44:25.614068,user4,188.247.183.11,Failed,BR
2025-12-21 09:27:25.614068,user26,57.249.118.17,Success,UK
2026-01-04 07:50:25.614068,user33,68.189.119.11,Success,BR
2026-01-12 18:29:25.614068,user24,172.105.184.100,Success,ZA
2026-01-08 00:30:25.614068,user16,121.232.23.11,Success,AU
2026-01-05 09:21:25.614068,user25,252.165.52.181,Success,DE
2025-12-22 15:55:25.614068,user6,248.140.134.149,Failed,BR
2026-01-11 13:14:25.614068,user24,140.89.192.168,Success,BR
2026-01-17 23:53:25.614068,user15,97.187.39.133,Success,UK
2026-01-04 01:18:25.614068,user2,65.192.114.133,Success,US
2025-12-20 02:25:25.614068,user21,104.180.176.125,Success,CA
2026-01-07 15:24:25.614068,user7,203.246.3.129,Success,ZA
2026-01-10 20:01:25.614068,user46,226.71.225.43,Success,FR
2025-12-24 07:52:25.614068,user42,59.39.143.55,Success,IN
2026-01-08 06:07:25.614068,user22,39.95.80.93,Success,DE
2026-01-05 00:12:25.614068,user10,155.60.117.107,Success,FR
2026-01-17 10:49:25.614068,user9,208.169.58.124,Success,CA
2026-01-09 10:45:25.614068,user3,173.245.245.54,Success,CA
2025-12-26 11:42:25.614068,user19,152.82.210.6,Success,UK
2026-01-08 08:16:25.614068,user31,63.22.65.147,Failed,CN
2025-12-27 12:59:25.614068,user45,152.82.68.162,Success,FR
2026-01-12 06:29:25.614068,user9,132.20.75.15,Failed,BR
2026-01-18 03:04:25.614068,user49,43.132.92.133,Success,UK
2025-12-31 19:36:25.614068,user46,246.207.9.225,Success,FR
2026-01-16 13:20:25.614068,user31,185.145.43.56,Success,CN
2026-01-13 00:25:25.614068,user29,115.241.246.44,Success,DE
2026-01-10 12:42:25.614068,user40,57.210.73.204,Success,DE
2026-01-09 16:21:25.614068,user1,150.93.135.43,Failed,CN
2026-01-08 08:21:25.614068,user6,186.175.232.153,Failed,IN
2026-01-15 11:44:25.614068,user2,152.35.117.97,Success,CA
2025-12-31 17:45:25.614068,user17,99.67.55.5,Success,BR
2026-01-03 04:38:25.614068,user14,52.214.76.156,Success,CN
2025-12-30 16:44:25.614068,user10,25.90.243.231,Success,AU
2025-12-23 11:15:25.614068,user36,158.19.60.24,Success,US
2026-01-01 05:15:25.614068,user47,124.66.0.230,Success,CA
2026-01-09 00:59:25.614068,user39,241.220.215.95,Success,UK
2025-12-30 14:57:25.614068,user34,224.22.219.59,Success,US
2026-01-09 16:11:25.614068,user28,241.246.195.90,Success,CA
2026-01-14 11:01:25.614068,user8,151.50.217.35,Success,UK
2026-01-16 07:14:25.614068,user50,66.244.119.233,Success,CA
2026-01-05 18:33:25.614068,user19,220.42.145.154,Success,BR
2026-01-03 20:02:25.614068,user16,225.209.131.49,Success,BR
2025-12-20 19:56:25.614068,user20,2.3.60.134,Failed,UK
2026-01-11 00:30:25.614068,user8,2.192.105.177,Success,FR
2026-01-03 07:36:25.614068,user4,206.161.209.93,Success,AU
2025-12-27 19:13:25.614068,user16,28.79.218.167,Success,CN
2026-01-10 17:08:25.614068,user27,150.129.133.219,Success,ZA
2025-12-29 04:17:25.614068,user41,138.216.187.157,Success,CN
2026-01-04 16:09:25.614068,user40,71.203.104.106,Failed,AU
2025-12-31 06:47:25.614068,user30,142.247.91.95,Success,UK
2026-01-04 00:20:25.614068,user5,144.247.129.254,Success,CA
2026-01-01 06:03:25.614068,user8,79.176.203.189,Success,US
2026-01-15 15:45:25.614068,user32,36.60.117.115,Failed,UK
2026-01-01 02:21:25.614068,user39,201.82.51.55,Success,FR
2026-01-13 19:40:25.614068,user35,131.205.173.206,Success,DE
2025-12-19 23:41:25.614068,user2,141.26.82.100,Success,DE
2026-01-12 00:53:25.614068,user41,247.2.46.211,Success,BR
2025-12-28 05:17:25.614068,user33,38.241.222.23,Success,US
2025-12-23 10:06:25.614068,user37,17.134.113.95,Success,UK
2025-12-30 12:13:25.614068,user16,21.19.196.239,Failed,BR
2026-01-07 00:31:25.614068,user46,253.205.146.183,Failed,CN
2026-01-10 18:15:25.614068,user10,247.29.89.164,Success,ZA
2026-01-13 19:00:25.614068,user19,127.224.5.52,Success,AU
2025-12-30 11:05:25.614068,user28,218.146.99.9,Success,FR
2026-01-10 04:37:25.614068,user1,201.118.86.173,Success,FR
2026-01-17 22:05:25.614068,user40,10.184.122.168,Success,AU
2026-01-10 20:42:25.614068,user23,1.80.44.71,Success,CN
2026-01-08 22:07:25.614068,user16,200.204.180.172,Success,ZA
2025-12-20 07:26:25.614068,user37,102.207.102.133,Failed,DE
2025-12-23 18:14:25.614068,user27,4.35.46.141,Success,IN
2026-01-01 21:59:25.614068,user12,73.178.177.247,Success,DE
2025-12-29 14:38:25.614068,user43,209.141.115.156,Success,UK
2026-01-06 22:18:25.614068,user43,247.99.232.239,Success,AU
2025-12-30 14:21:25.614068,user6,104.2.133.45,Failed,CN
2026-01-02 11:03:25.614068,user34,105.54.37.129,Failed,UK
2026-01-14 23:48:25.614068,user24,76.174.59.206,Success,BR
2026-01-05 07:40:25.614068,user5,132.131.128.178,Success,CA
2026-01-10 01:31:25.614068,user34,114.193.247.198,Success,US
2026-01-13 17:08:25.614068,user35,63.173.234.175,Failed,US
2026-01-12 16:30:25.614068,user33,118.14.246.30,Failed,BR
2026-01-04 04:04:25.614068,user33,67.34.195.163,Success,UK
2026-01-07 21:21:25.614068,user36,202.112.117.205,Success,US
2026-01-13 13:46:25.614068,user2,81.211.180.133,Success,DE
2026-01-03 13:54:25.614068,user25,138.4.134.64,Success,FR
2026-01-04 12:52:25.614068,user31,74.47.204.173,Success,FR
2026-01-09 04:12:25.614068,user3,192.175.38.142,Success,BR
2025-12-31 20:30:25.614068,user41,239.91.243.81,Success,AU
2026-01-02 11:30:25.614068,user25,91.111.137.47,Success,FR
2025-12-30 23:11:25.614068,user24,243.97.255.189,Success,CN
2025-12-30 00:24:25.614068,user17,52.120.123.224,Success,AU
2025-12-25 00:23:25.614068,user48,68.105.117.52,Success,AU
2025-12-28 06:57:25.614068,user2,214.127.182.40,Success,ZA
2026-01-02 21:15:25.614068,user23,200.54.61.236,Success,BR
2025-12-24 23:11:25.614068,user5,21.252.3.196,Success,CN
2026-01-12 21:54:25.614068,user23,220.21.246.96,Failed,UK
2025-12-27 22:49:25.614068,user16,159.161.252.230,Success,DE
2025-12-28 05:48:25.614068,user47,253.140.251.47,Success,DE
2025-12-29 08:56:25.614068,user43,253.143.203.57,Success,US
2026-01-10 13:28:25.614068,user41,193.65.27.135,Success,IN
2026-01-01 02:36:25.614068,user7,205.216.244.241,Success,UK
2026-01-15 08:35:25.614068,user50,139.16.177.101,Success,US
2026-01-12 09:38:25.614068,user38,221.89.234.250,Success,IN
2026-01-15 16:27:25.614068,user48,31.235.161.177,Success,US
2026-01-01 09:42:25.614068,user49,3.6.107.98,Failed,IN
2025-12-24 02:24:25.614068,user22,149.51.166.93,Success,FR
2025-12-28 08:37:25.614068,user9,157.132.95.141,Success,DE
2026-01-02 00:10:25.614068,user3,68.121.137.121,Success,IN
2025-12-29 21:04:25.614068,user23,246.175.187.48,Success,BR
2026-01-04 22:46:25.614068,user35,128.217.107.108,Failed,CA
2025-12-27 16:35:25.614068,user22,180.190.186.219,Failed,IN
2026-01-02 06:45:25.614068,user42,103.143.230.47,Failed,UK
2025-12-20 04:03:25.614068,user12,147.67.117.209,Success,CN
2026-01-12 20:01:25.614068,user50,26.138.120.143,Success,FR
2025-12-25 06:51:25.614068,user44,111.195.100.38,Success,DE
2026-01-01 00:13:25.614068,user30,205.76.242.207,Success,FR
2025-12-21 14:18:25.614068,user45,3.90.215.128,Success,BR
2025-12-22 00:09:25.614068,user31,35.161.249.77,Success,US
2026-01-13 17:00:25.614068,user41,65.24.203.26,Success,UK
2026-01-01 19:41:25.614068,user12,177.83.30.56,Success,DE
2025-12-25 06:31:25.614068,user9,209.130.243.215,Success,DE
2026-01-17 13:19:25.614068,user5,162.49.230.191,Success,FR
2026-01-10 20:46:25.614068,user46,86.133.184.93,Success,FR
2025-12-24 04:39:25.614068,user50,144.131.176.6,Success,FR
2025-12-20 01:59:25.614068,user30,106.62.179.223,Success,US
2026-01-14 15:37:25.614068,user3,174.101.89.251,Success,FR
2026-01-01 11:10:25.614068,user19,200.145.181.84,Failed,AU
2026-01-09 21:18:25.614068,user13,173.249.228.228,Success,IN
2026-01-10 07:29:25.614068,user3,21.195.146.119,Failed,IN
2026-01-08 13:42:25.614068,user13,162.74.85.164,Success,CN
2026-01-04 00:44:25.614068,user3,207.172.215.162,Success,AU
2025-12-27 21:58:25.614068,user21,157.207.36.21,Success,BR
2025-12-21 20:43:25.614068,user20,42.175.116.81,Success,US
2025-12-31 00:22:25.614068,user33,82.149.136.155,Success,ZA
2026-01-10 06:24:25.614068,user26,166.202.138.228,Success,US
2025-12-24 17:12:25.614068,user35,114.185.230.106,Success,UK
2025-12-22 11:58:25.614068,user31,43.94.11.33,Success,BR
2026-01-06 18:16:25.614068,user17,187.120.128.241,Success,BR
2026-01-10 21:43:25.614068,user3,191.40.107.43,Success,FR
2025-12-22 21:31:25.614068,user49,102.52.48.17,Success,AU
2026-01-14 18:51:25.614068,user42,240.242.27.7,Success,AU
2026-01-17 04:07:25.614068,user13,198.203.42.27,Success,CA
2025-12-21 23:09:25.614068,user19,68.79.43.168,Failed,CN
2025-12-26 10:19:25.614068,user23,239.199.158.59,Success,US
2025-12-26 07:33:25.614068,user50,64.145.226.161,Success,FR
2026-01-14 03:22:25.614068,user4,33.67.87.8,Success,BR
2026-01-02 08:28:25.614068,user42,9.182.166.222,Success,FR
2025-12-23 09:38:25.614068,user22,122.239.139.141,Success,CA
2025-12-30 19:41:25.614068,user18,114.69.90.152,Failed,AU
2025-12-24 21:58:25.614068,user8,153.233.222.135,Success,AU
2026-01-13 22:09:25.614068,user24,164.158.177.124,Success,FR
2026-01-07 11:10:25.614068,user28,139.116.45.114,Success,IN
2026-01-16 02:51:25.614068,user26,79.187.211.67,Failed,US
2026-01-15 15:43:25.614068,user48,40.155.5.1,Failed,CA
2026-01-16 16:04:25.614068,user29,134.69.176.74,Success,US
2025-12-29 19:06:25.614068,user25,121.4.251.243,Success,BR
2026-01-12 07:23:25.614068,user22,194.244.153.3,Success,AU
2026-01-05 20:04:25.614068,user12,197.220.149.153,Failed,ZA
2026-01-09 00:40:25.614068,user32,60.3.191.49,Success,CA
2026-01-08 16:10:25.614068,user45,106.223.202.64,Failed,UK
2026-01-02 01:23:25.614068,user32,42.199.193.57,Success,CN
2026-01-15 07:25:25.614068,user24,68.40.216.161,Success,BR
2026-01-08 00:59:25.614068,user34,62.139.145.167,Failed,FR
2026-01-02 10:09:25.614068,user18,191.137.211.49,Success,UK
2026-01-14 09:41:25.614068,user6,219.35.93.35,Success,FR
2026-01-16 18:55:25.614068,user47,75.56.233.159,Failed,AU
2025-12-22 06:23:25.614068,user28,116.139.251.49,Success,ZA
2026-01-16 06:28:25.614068,user6,83.9.77.13,Failed,FR
2025-12-24 00:59:25.614068,user28,249.11.95.249,Success,BR
2025-12-28 23:33:25.614068,user39,27.144.137.33,Success,US
2026-01-16 23:49:25.614068,user12,184.224.4.60,Success,DE
2025-12-29 03:05:25.614068,user35,24.77.7.127,Failed,CN
2025-12-31 13:39:25.614068,user19,56.175.215.80,Success,IN
2025-12-23 05:16:25.614068,user21,202.255.190.119,Success,FR
2025-12-26 16:08:25.614068,user7,179.16.169.21,Success,ZA
2025-12-30 10:35:25.614068,user6,216.74.28.69,Success,FR
2025-12-27 10:27:25.614068,user21,199.200.36.140,Success,IN
2026-01-13 15:31:25.614068,user43,121.92.98.230,Success,CA
2025-12-22 22:35:25.614068,user19,216.128.195.213,Success,IN
2025-12-26 15:34:25.614068,user20,4.62.127.99,Success,AU
2025-12-19 15:31:25.614068,user29,198.226.126.189,Success,ZA
2026-01-07 02:48:25.614068,user39,255.17.101.118,Success,AU
2026-01-09 00:40:25.614068,user46,189.48.106.122,Success,FR
2026-01-15 13:12:25.614068,user28,100.159.165.41,Success,DE
2026-01-09 21:52:25.614068,user11,162.21.62.65,Success,CN
2026-01-01 18:43:25.614068,user45,124.152.101.93,Failed,BR
2025-12-21 00:15:25.614068,user29,228.26.111.250,Success,BR
2025-12-30 01:26:25.614068,user23,29.120.222.84,Success,ZA
2026-01-01 15:17:25.614068,user29,4.85.141.150,Success,FR
2026-01-01 09:24:25.614068,user3,31.202.124.3,Success,DE
2026-01-09 04:31:25.614068,user47,249.21.243.177,Failed,AU
2025-12-22 18:20:25.614068,user23,153.79.190.198,Success,IN
2025-12-30 03:33:25.614068,user40,23.127.80.128,Success,CN
2025-12-31 13:33:25.614068,user28,24.173.30.16,Success,UK
2026-01-16 23:19:25.614068,user18,92.78.54.33,Success,FR
2026-01-15 08:48:25.614068,user41,125.119.162.252,Success,DE
2025-12-28 12:40:25.614068,user4,143.177.224.188,Success,DE
2026-01-07 20:57:25.614068,user5,50.10.193.92,Failed,IN
2025-12-24 17:57:25.614068,user43,186.68.128.231,Failed,DE
2026-01-13 07:24:25.614068,user41,11.248.224.144,Success,AU
2025-12-29 18:09:25.614068,user26,76.250.97.146,Success,FR
2026-01-17 23:59:25.614068,user24,48.178.165.188,Success,UK
2025-12-26 07:20:25.614068,user33,120.140.82.18,Success,BR
2025-12-31 14:44:25.614068,user48,136.79.230.76,Success,FR
2025-12-25 23:57:25.614068,user44,210.134.187.117,Success,CN
2025-12-22 18:35:25.614068,user11,1.194.94.227,Success,IN
2025-12-22 05:44:25.614068,user2,5.186.122.83,Success,IN
2025-12-27 01:49:25.614068,user10,185.32.198.49,Success,CA
2026-01-02 12:35:25.614068,user39,135.254.78.157,Success,US
2026-01-15 14:32:25.614068,user44,73.165.209.165,Failed,US
2026-01-14 10:19:25.614068,user29,83.56.49.134,Success,ZA
2026-01-01 15:50:25.614068,user3,169.34.22.214,Success,CN
2026-01-08 12:16:25.614068,user9,241.66.91.224,Success,ZA
2025-12-25 04:25:25.614068,user5,9.103.54.125,Failed,DE
2026-01-09 20:32:25.614068,user16,50.50.16.147,Success,DE
2026-01-02 08:44:25.614068,user50,165.198.250.135,Success,CA
2026-01-06 20:14:25.614068,user42,160.131.25.94,Success,US
2025-12-31 21:57:25.614068,user24,57.36.6.239,Success,UK
2026-01-11 07:14:25.614068,user24,236.106.251.238,Success,ZA
2026-01-13 02:24:25.614068,user25,228.40.239.206,Success,BR
2026-01-10 23:57:25.614068,user37,164.31.184.143,Success,UK
2026-01-08 10:44:25.614068,user3,191.212.188.204,Success,AU
2025-12-23 04:27:25.614068,user39,182.29.136.136,Success,IN
2026-01-15 17:48:25.614068,user10,11.36.155.20,Success,UK
2025-12-21 08:08:25.614068,user44,242.110.49.26,Success,CA
2026-01-08 04:29:25.614068,user29,186.118.197.49,Success,IN
2026-01-03 04:39:25.614068,user24,50.127.91.143,Success,FR
2026-01-16 00:00:25.614068,user24,192.212.54.197,Failed,CN
2025-12-30 22:04:25.614068,user29,164.183.234.180,Success,ZA
2025-12-20 16:51:25.614068,user49,171.218.53.43,Failed,ZA
2025-12-23 16:21:25.614068,user5,203.92.205.130,Success,US
2025-12-29 22:38:25.614068,user37,87.80.226.239,Success,CA
2026-01-14 16:52:25.614068,user9,91.161.166.217,Success,CN
2026-01-15 05:53:25.614068,user34,96.211.220.212,Success,DE
2025-12-20 11:15:25.614068,user24,186.165.123.145,Failed,CA
2025-12-31 18:58:25.614068,user26,140.109.192.197,Success,AU
2026-01-14 18:00:25.614068,user21,141.130.184.247,Failed,UK
2025-12-21 08:32:25.614068,user42,116.229.203.1,Success,US
2025-12-27 11:57:25.614068,user18,186.17.145.153,Success,FR
2026-01-09 22:30:25.614068,user16,5.69.154.2,Success,FR
2026-01-12 03:26:25.614068,user8,77.113.109.220,Success,UK
2026-01-18 04:13:25.614068,user2,81.11.141.236,Success,UK
2026-01-08 15:37:25.614068,user48,142.79.48.10,Success,AU
2026-01-01 04:25:25.614068,user12,118.182.79.36,Success,AU
2025-12-27 18:50:25.614068,user32,68.187.127.60,Success,UK
2026-01-15 03:56:25.614068,user34,66.153.47.147,Success,CA
2026-01-08 08:42:25.614068,user25,103.111.39.186,Success,US
2026-01-17 09:57:25.614068,user36,84.247.88.125,Success,CA
2026-01-10 21:41:25.614068,user8,212.48.153.10,Success,UK
2025-12-23 16:15:25.614068,user17,188.195.40.200,Success,DE
2026-01-09 21:58:25.614068,user50,15.171.178.226,Failed,UK
2026-01-04 08:39:25.614068,user17,210.222.213.239,Success,IN
2026-01-07 02:37:25.614068,user46,223.61.116.192,Success,ZA
2026-01-03 16:39:25.614068,user29,168.5.195.14,Success,DE
2026-01-03 03:16:25.614068,user14,79.21.163.139,Success,CN
2025-12-24 06:51:25.614068,user40,145.76.167.129,Failed,FR
2025-12-26 20:15:25.614068,user19,179.113.78.13,Success,CA
2026-01-03 12:50:25.614068,user45,173.201.228.193,Success,FR
2026-01-07 06:13:25.614068,user32,153.46.113.111,Success,UK
2026-01-11 01:47:25.614068,user13,75.201.75.34,Success,DE
2026-01-01 15:24:25.614068,user8,87.42.243.147,Success,ZA
2026-01-06 18:00:25.614068,user9,191.25.204.68,Failed,ZA
2026-01-13 13:27:25.614068,user5,22.204.222.199,Success,DE
2025-12-21 04:40:25.614068,user29,179.66.69.124,Failed,UK
2026-01-09 05:23:25.614068,user12,144.101.249.102,Success,IN
2025-12-23 12:47:25.614068,user46,167.100.126.63,Success,FR
2026-01-02 20:08:25.614068,user29,19.136.220.83,Success,BR
2025-12-31 00:17:25.614068,user6,176.45.57.172,Success,US
2026-01-03 05:42:25.614068,user44,106.216.187.90,Success,IN
2025-12-24 19:13:25.614068,user21,49.164.176.153,Success,FR
2026-01-06 22:04:25.614068,user43,168.12.156.44,Success,ZA
2026-01-11 22:40:25.614068,user23,253.179.226.160,Success,CN
2025-12-19 13:51:25.614068,user46,38.225.22.237,Success,CA
2026-01-18 10:56:25.614068,user5,210.119.102.176,Success,DE
2026-01-13 05:15:25.614068,user36,96.79.43.29,Success,UK
2026-01-09 13:12:25.614068,user35,190.27.124.243,Success,CN
2026-01-07 07:58:25.614068,user19,159.75.147.4,Success,ZA
2025-12-21 23:48:25.614068,user20,88.56.156.116,Failed,BR
2025-12-28 01:29:25.614068,user11,121.11.169.54,Success,ZA
2026-01-12 02:52:25.614068,user46,190.108.104.140,Success,IN
2026-01-04 23:45:25.614068,user46,134.132.247.160,Success,DE
2026-01-16 20:40:25.614068,user45,187.72.9.97,Success,CA
2026-01-11 05:05:25.614068,user41,150.22.130.44,Success,BR
2026-01-16 23:42:25.614068,user12,16.145.102.203,Success,IN
2026-01-08 15:25:25.614068,user24,179.138.27.120,Success,DE
2025-12-21 20:58:25.614068,user33,168.4.34.100,Failed,BR
2025-12-28 18:56:25.614068,user15,170.138.184.222,Failed,BR
2025-12-31 16:17:25.614068,user8,28.9.149.223,Success,BR
2026-01-13 12:29:25.614068,user13,227.197.118.251,Success,FR
2025-12-25 11:42:25.614068,user9,98.50.161.125,Failed,CA
2026-01-01 15:12:25.614068,user16,222.45.95.51,Failed,ZA
2026-01-08 11:08:25.614068,user32,129.234.11.11,Success,US
2026-01-10 14:02:25.614068,user2,64.156.170.126,Success,FR
2025-12-25 01:13:25.614068,user24,101.80.9.89,Success,DE
2025-12-20 20:07:25.614068,user36,176.180.181.161,Success,US
2026-01-17 04:45:25.614068,user37,78.120.141.208,Failed,CA
2026-01-16 05:39:25.614068,user24,16.131.198.228,Failed,UK
2025-12-30 09:58:25.614068,user30,209.15.143.58,Success,UK
2025-12-26 17:35:25.614068,user36,39.174.201.169,Success,ZA
2026-01-02 16:01:25.614068,user9,36.44.195.134,Success,ZA
2026-01-13 14:15:25.614068,user40,246.116.213.62,Failed,BR
2025-12-20 03:32:25.614068,user6,147.78.218.249,Success,DE
2026-01-13 15:48:25.614068,user5,80.168.229.139,Success,BR
2026-01-07 02:14:25.614068,user20,34.105.70.149,Success,US
2025-12-23 18:24:25.614068,user26,139.103.70.80,Success,BR
2025-12-29 18:01:25.614068,user46,177.69.220.233,Failed,US
2025-12-24 16:31:25.614068,user47,250.74.80.82,Success,DE
2026-01-09 12:37:25.614068,user31,18.60.94.82,Success,AU
2025-12-24 20:54:25.614068,user34,215.74.15.196,Success,US
2026-01-18 00:04:25.614068,user27,82.211.210.78,Success,CA
2025-12-26 12:46:25.614068,user50,114.140.77.200,Success,CN
2026-01-11 04:57:25.614068,user27,49.54.67.48,Success,BR
2026-01-01 19:23:25.614068,user37,7.136.118.153,Failed,BR
2026-01-11 16:25:25.614068,user5,60.118.13.92,Failed,CA
2025-12-31 23:15:25.614068,user9,21.244.68.129,Success,CN
2026-01-07 10:25:25.614068,user21,217.240.191.48,Failed,ZA
2026-01-10 11:37:25.614068,user42,219.198.251.122,Success,ZA
2026-01-10 00:23:25.614068,user5,36.83.98.58,Success,US
2025-12-30 14:49:25.614068,user29,9.209.7.237,Success,CN
2026-01-09 07:31:25.614068,user30,70.211.113.191,Failed,CA
2026-01-13 14:43:25.614068,user44,172.103.104.17,Success,AU
2025-12-26 02:35:25.614068,user34,46.224.250.177,Success,DE
2026-01-05 23:34:25.614068,user23,84.234.126.110,Success,BR
2025-12-28 04:47:25.614068,user9,104.21.194.185,Success,FR
2026-01-15 19:16:25.614068,user50,81.201.19.134,Success,IN
2026-01-11 15:44:25.614068,user36,28.231.233.212,Success,CA
2025-12-25 17:42:25.614068,user41,225.21.125.133,Success,AU
2025-12-22 16:51:25.614068,user38,138.202.20.143,Success,AU
2026-01-01 02:20:25.614068,user12,100.25.97.75,Success,FR
2026-01-07 09:49:25.614068,user50,113.203.155.199,Failed,ZA
2026-01-03 23:50:25.614068,user9,212.146.236.43,Success,BR
2026-01-11 15:11:25.614068,user28,109.150.27.177,Success,IN
2025-12-31 16:25:25.614068,user33,133.72.237.213,Success,CN
2025-12-19 15:24:25.614068,user4,166.231.46.185,Success,UK
2026-01-01 09:32:25.614068,user8,129.57.92.200,Success,US
2026-01-02 02:42:25.614068,user34,150.69.201.106,Success,CA
2026-01-15 05:41:25.614068,user10,83.230.12.46,Success,ZA
2026-01-14 22:01:25.614068,user20,117.103.232.24,Failed,BR
2026-01-10 19:25:25.614068,user11,65.165.83.184,Success,DE
2025-12-26 06:54:25.614068,user11,188.63.46.30,Success,CA
2026-01-08 20:20:25.614068,user21,181.230.185.22,Success,CA
2026-01-13 00:52:25.614068,user46,135.196.81.97,Success,CN
2026-01-10 13:37:25.614068,user15,141.194.22.197,Success,IN
2026-01-04 05:34:25.614068,user23,44.171.76.42,Failed,UK
2026-01-03 15:42:25.614068,user34,223.74.91.197,Success,CA
2026-01-13 15:26:25.614068,user19,183.26.214.79,Success,CA
2026-01-13 06:10:25.614068,user6,80.228.147.161,Success,CN
2026-01-05 16:36:25.614068,user17,47.60.67.246,Failed,CA
2026-01-09 05:57:25.614068,user13,52.1.129.4,Failed,ZA
2026-01-03 04:04:25.614068,user41,118.254.255.140,Success,DE
2025-12-28 02:39:25.614068,user36,207.2.252.61,Failed,US
2025-12-30 09:26:25.614068,user18,56.243.232.105,Success,US
2026-01-14 13:09:25.614068,user9,114.40.3.63,Success,CA
2026-01-05 22:54:25.614068,user41,226.142.106.13,Failed,AU
2025-12-30 03:42:25.614068,user20,48.75.28.168,Success,CN
2026-01-07 05:16:25.614068,user40,90.18.74.219,Success,IN
2025-12-21 12:16:25.614068,user35,9.152.169.236,Success,CN
2026-01-03 00:08:25.614068,user6,23.25.55.107,Success,BR
2026-01-10 01:12:25.614068,user33,255.91.82.173,Failed,CA
2026-01-05 21:00:25.614068,user42,73.90.233.192,Success,UK
2026-01-06 02:18:25.614068,user11,149.184.18.24,Success,US
2026-01-18 04:46:25.614068,user38,197.153.165.95,Failed,ZA
2025-12-26 10:44:25.614068,user38,230.194.34.195,Failed,CN
2026-01-11 01:37:25.614068,user10,110.33.149.121,Failed,CA
2025-12-21 05:02:25.614068,user11,35.62.140.85,Success,ZA
2025-12-25 06:29:25.614068,user43,135.211.107.179,Success,UK
2026-01-11 09:14:25.614068,user40,54.29.55.147,Success,US
2026-01-15 09:14:25.614068,user47,187.44.247.186,Success,UK
2026-01-03 15:13:25.614068,user39,177.147.218.156,Success,FR
2025-12-24 02:13:25.614068,user22,218.162.132.135,Success,CN
2026-01-08 13:31:25.614068,user37,148.181.66.158,Success,AU
2025-12-24 01:30:25.614068,user3,145.254.254.127,Success,US
2026-01-12 11:04:25.614068,user2,207.92.119.182,Success,FR
2026-01-09 07:41:25.614068,user6,75.99.0.31,Success,ZA
2025-12-20 05:21:25.614068,user3,7.238.60.189,Success,IN
2025-12-26 02:03:25.614068,user42,218.106.212.106,Failed,AU
2026-01-07 04:24:25.614068,user50,12.170.179.144,Success,AU
2026-01-18 07:47:25.614068,user37,207.108.5.164,Success,CA
2025-12-26 13:12:25.614068,user17,52.144.130.203,Success,AU
2025-12-22 22:19:25.614068,user42,18.157.153.130,Success,IN
2026-01-09 21:24:25.614068,user14,141.165.3.30,Success,ZA
2025-12-31 14:04:25.614068,user50,176.170.174.102,Success,CN
2026-01-03 22:23:25.614068,user37,186.14.89.50,Success,CN
2026-01-16 21:21:25.614068,user27,85.173.245.235,Success,AU
2026-01-06 14:45:25.614068,user40,122.18.69.124,Success,DE
2026-01-18 02:23:25.614068,user41,40.235.171.119,Success,BR
2025-12-23 04:19:25.614068,user2,201.211.28.214,Success,CA
2026-01-03 11:28:25.614068,user32,134.153.161.143,Success,IN
2026-01-12 19:27:25.614068,user41,138.9.106.148,Failed,UK
2026-01-05 19:40:25.614068,user35,176.169.181.17,Success,ZA
2026-01-02 22:28:25.614068,user19,249.76.143.216,Success,CA
2026-01-17 01:13:25.614068,user42,8.173.192.161,Failed,AU
2026-01-10 17:34:25.614068,user20,137.84.199.48,Success,IN
2026-01-13 03:32:25.614068,user31,153.59.157.181,Failed,ZA
2025-12-21 03:48:25.614068,user16,220.161.16.70,Failed,FR
2026-01-16 15:01:25.614068,user44,106.44.254.225,Success,UK
2025-12-22 15:20:25.614068,user26,61.190.231.213,Success,DE
2025-12-30 05:01:25.614068,user20,244.154.110.135,Success,BR
2026-01-17 05:59:25.614068,user30,78.89.57.96,Success,BR
2026-01-01 14:29:25.614068,user5,201.19.103.234,Success,UK
2025-12-29 21:04:25.614068,user45,24.227.12.205,Success,UK
2025-12-23 15:19:25.614068,user4,124.78.97.88,Success,US
2026-01-08 06:36:25.614068,user11,237.247.158.199,Success,BR
2025-12-24 00:07:25.614068,user29,84.73.50.211,Success,DE
2026-01-17 08:49:25.614068,user27,252.67.105.186,Success,FR
2025-12-24 02:22:25.614068,user31,10.235.198.183,Failed,IN
2026-01-08 17:12:25.614068,user30,222.59.2.80,Success,FR
2025-12-27 02:18:25.614068,user14,239.22.44.86,Success,UK
2026-01-02 03:41:25.614068,user22,120.23.52.134,Success,ZA
2025-12-20 20:13:25.614068,user39,197.159.11.148,Success,CA
2025-12-21 14:50:25.614068,user10,195.159.107.83,Success,BR
2026-01-03 06:54:25.614068,user21,52.98.146.71,Failed,AU
2025-12-22 01:53:25.614068,user46,137.163.225.172,Success,CA
2026-01-01 21:02:25.614068,user21,31.139.76.41,Success,CA
2026-01-04 20:08:25.614068,user47,71.58.7.246,Failed,BR
2026-01-05 14:01:25.614068,user23,160.52.105.139,Success,CN
2026-01-08 03:01:25.614068,user26,90.163.138.37,Success,AU
2025-12-26 03:36:25.614068,user9,242.145.125.44,Failed,FR
2025-12-30 15:19:25.614068,user49,19.159.173.139,Success,BR
2026-01-12 16:46:25.614068,user24,114.25.66.8,Success,FR
2026-01-07 06:40:25.614068,user33,121.25.54.99,Success,FR
2026-01-14 06:44:25.614068,user36,14.44.218.101,Failed,BR
2025-12-27 17:16:25.614068,user7,46.228.182.80,Success,DE
2025-12-27 06:16:25.614068,user21,86.101.40.250,Failed,DE
2025-12-27 11:49:25.614068,user16,237.238.67.24,Success,CA
2025-12-23 02:51:25.614068,user30,209.239.49.117,Success,DE
2026-01-16 06:19:25.614068,user8,80.238.240.60,Success,FR
2026-01-05 22:26:25.614068,user18,243.114.73.221,Success,FR
2026-01-16 17:29:25.614068,user29,230.132.186.101,Success,DE
2025-12-30 11:39:25.614068,user16,47.169.166.117,Success,CA
2026-01-11 04:11:25.614068,user10,125.15.33.122,Success,CA
2026-01-15 01:33:25.614068,user7,29.179.245.119,Failed,UK
2025-12-26 00:55:25.614068,user4,217.87.144.197,Failed,IN
2025-12-30 02:12:25.614068,user19,90.65.52.104,Success,FR
2026-01-09 12:17:25.614068,user25,210.54.166.143,Success,FR
2026-01-17 13:21:25.614068,user40,167.36.154.137,Success,US
2025-12-31 02:00:25.614068,user27,119.205.211.62,Failed,DE
2026-01-09 10:34:25.614068,user16,159.124.81.250,Success,CA
2025-12-31 03:29:25.614068,user11,124.196.33.88,Failed,ZA
2025-12-19 22:51:25.614068,user21,54.220.222.146,Success,UK
2026-01-09 16:46:25.614068,user37,202.175.120.45,Success,AU
2026-01-01 14:46:25.614068,user47,170.39.249.30,Success,BR
2026-01-13 09:37:25.614068,user21,152.237.166.143,Success,UK
2025-12-26 17:09:25.614068,user13,25.227.90.79,Success,UK
2025-12-22 21:16:25.614068,user49,245.207.35.154,Failed,ZA
2026-01-08 15:05:25.614068,user11,28.194.167.127,Success,AU
2026-01-04 06:02:25.614068,user32,166.31.46.56,Success,CN
2026-01-15 06:23:25.614068,user33,210.71.0.194,Success,US
2026-01-02 03:21:25.614068,user30,38.76.231.137,Success,CA
2026-01-17 14:29:25.614068,user32,75.199.228.51,Success,DE
2026-01-07 20:03:25.614068,user20,53.162.153.146,Success,UK
2025-12-30 21:46:25.614068,user32,204.155.222.184,Success,ZA
2026-01-09 07:35:25.614068,user2,252.176.45.150,Success,CN
2026-01-02 06:35:25.614068,user6,3.206.65.219,Success,ZA
2025-12-28 14:11:25.614068,user26,76.31.189.231,Failed,CN
2026-01-06 00:47:25.614068,user33,141.27.0.181,Success,CN
2026-01-10 12:23:25.614068,user30,144.183.56.221,Failed,FR
2025-12-24 09:05:25.614068,user16,73.15.120.111,Success,US
2025-12-30 07:41:25.614068,user14,180.201.162.183,Success,DE
2026-01-05 21:09:25.614068,user38,98.207.195.112,Success,DE
2026-01-14 13:17:25.614068,user23,140.108.88.122,Success,AU
2026-01-04 20:40:25.614068,user4,36.96.196.216,Success,BR
2026-01-14 16:26:25.614068,user4,237.184.213.40,Success,US
2026-01-01 23:46:25.614068,user19,74.64.68.3,Success,CN
2026-01-01 23:04:25.614068,user32,19.8.73.185,Failed,CN
2025-12-20 12:33:25.614068,user39,227.249.223.250,Success,IN
2026-01-18 11:33:25.614068,user42,254.69.43.36,Success,DE
2026-01-06 12:55:25.614068,user44,165.212.233.229,Success,FR
2026-01-01 00:24:25.614068,user31,202.217.92.117,Success,US
2025-12-19 21:26:25.614068,user19,131.217.230.99,Failed,UK
2026-01-14 06:44:25.614068,user35,91.115.95.109,Success,CA
2025-12-21 18:10:25.614068,user1,155.3.255.217,Success,ZA
2026-01-16 02:57:25.614068,user7,188.121.137.106,Success,UK
2026-01-11 03:09:25.614068,user28,238.187.17.251,Success,US
2026-01-01 13:12:25.614068,user9,10.247.188.29,Success,BR
2025-12-29 23:57:25.614068,user17,149.246.40.37,Success,FR
2026-01-16 03:40:25.614068,user47,187.143.238.133,Failed,AU
2026-01-04 13:25:25.614068,user24,21.45.125.121,Failed,CN
2025-12-29 11:48:25.614068,user49,162.39.159.157,Success,AU
2026-01-17 11:57:25.614068,user26,14.175.5.121,Success,FR
2025-12-28 04:16:25.614068,user24,117.240.169.108,Success,ZA
2026-01-16 18:46:25.614068,user3,91.150.148.43,Success,BR
